level	page_num	block_num	par_num	line_num	word_num	left	top	width	height	conf	text
1	1	0	0	0	0	0	0	11456	5440	-1	
2	1	1	0	0	0	71	127	110	90	-1	
3	1	1	1	0	0	71	127	110	90	-1	
4	1	1	1	1	0	71	127	110	90	-1	
5	1	1	1	1	1	71	127	110	90	25.032352	o
2	1	2	0	0	0	10088	160	948	32	-1	
3	1	2	1	0	0	10088	160	948	32	-1	
4	1	2	1	1	0	10088	160	948	32	-1	
5	1	2	1	1	1	10088	160	34	32	2.807255	I
5	1	2	1	1	2	10159	160	92	32	28.901745	I
5	1	2	1	1	3	10346	160	88	32	8.851662	A
5	1	2	1	1	4	10529	160	93	32	5.795650	I
5	1	2	1	1	5	10721	160	138	32	13.835344	R
5	1	2	1	1	6	11008	160	28	32	57.332558	.
2	1	3	0	0	0	10152	52	884	104	-1	
3	1	3	1	0	0	10152	52	884	104	-1	
4	1	3	1	1	0	10152	52	884	104	-1	
5	1	3	1	1	1	10152	88	98	68	26.663876	I
5	1	3	1	1	2	10361	88	80	68	6.316051	B
5	1	3	1	1	3	10528	52	508	104	35.824722	|
2	1	4	0	0	0	71	235	110	42	-1	
3	1	4	1	0	0	71	235	110	42	-1	
4	1	4	1	1	0	71	235	110	42	-1	
5	1	4	1	1	1	71	235	110	42	67.162460	VDD
2	1	5	0	0	0	10088	196	436	32	-1	
3	1	5	1	0	0	10088	196	436	32	-1	
4	1	5	1	1	0	10088	196	436	32	-1	
5	1	5	1	1	1	10088	196	34	32	6.162138	1
5	1	5	1	1	2	10159	196	92	32	21.261517	I
2	1	6	0	0	0	10088	232	948	32	-1	
3	1	6	1	0	0	10088	232	948	32	-1	
4	1	6	1	1	0	10088	232	948	32	-1	
5	1	6	1	1	1	10088	232	34	32	2.807255	I
5	1	6	1	1	2	10159	232	92	32	28.901745	I
5	1	6	1	1	3	10346	232	88	32	8.851662	A
5	1	6	1	1	4	10529	232	93	32	5.795650	I
5	1	6	1	1	5	10721	232	138	32	13.835344	R
5	1	6	1	1	6	11008	232	28	32	57.332558	.
2	1	7	0	0	0	10716	196	320	32	-1	
3	1	7	1	0	0	10716	196	320	32	-1	
4	1	7	1	1	0	10716	196	320	32	-1	
5	1	7	1	1	1	10716	196	320	32	51.290436	I
2	1	8	0	0	0	71	391	114	42	-1	
3	1	8	1	0	0	71	391	114	42	-1	
4	1	8	1	1	0	71	391	114	42	-1	
5	1	8	1	1	1	71	391	114	42	90.447144	GND
2	1	9	0	0	0	71	451	110	102	-1	
3	1	9	1	0	0	71	451	110	102	-1	
4	1	9	1	1	0	71	451	110	102	-1	
5	1	9	1	1	1	71	451	110	102	69.015663	"1
2	1	10	0	0	0	3148	452	5572	120	-1	
3	1	10	1	0	0	3148	452	5572	120	-1	
4	1	10	1	1	0	3148	452	5572	120	-1	
5	1	10	1	1	1	3148	452	5572	120	58.783474	3-SH-ZH-3-I-3-SH-ZH-3-I-3-3-3-I-SH-SH-ZH-3-I-3-SH-ZH-3-3-SH-ZH-SH-I-3-SH-ZH-3-I-3-SH-ZH-3-3-SH-}}}}}}}}}}}}}}}}}}}}}}}}
2	1	11	0	0	0	7812	576	908	92	-1	
3	1	11	1	0	0	7812	576	908	92	-1	
4	1	11	1	1	0	7812	576	908	92	-1	
5	1	11	1	1	1	7812	576	908	92	0.083733	o
2	1	12	0	0	0	71	675	66	42	-1	
3	1	12	1	0	0	71	675	66	42	-1	
4	1	12	1	1	0	71	675	66	42	-1	
5	1	12	1	1	1	71	675	66	42	85.741951	DO
2	1	13	0	0	0	3148	672	5572	92	-1	
3	1	13	1	0	0	3148	672	5572	92	-1	
4	1	13	1	1	0	3148	672	5572	92	-1	
5	1	13	1	1	1	3148	672	5572	92	55.591084	]Il]Il]ll]Il]Il]ll]Il]Il]Il]Il]Il]Il]Il]Il]Il]Il]Il]Il]Il]Il]Il]Il]Il]Il]Il]Il]Il]Il]Il]Il]Il]Il]Il]Il]Il]Il]Il]Il]Il}}}}}}}}}}}}}}}}}}}}}}}}
2	1	14	0	0	0	232	760	176	84	-1	
3	1	14	1	0	0	232	760	176	84	-1	
4	1	14	1	1	0	232	760	176	84	-1	
5	1	14	1	1	1	232	760	176	84	17.965107	i
2	1	15	0	0	0	3148	768	5572	92	-1	
3	1	15	1	0	0	3148	768	5572	92	-1	
4	1	15	1	1	0	3148	768	5572	92	-1	
5	1	15	1	1	1	3148	768	5572	92	2.473049	WA
5	1	15	1	1	2	5982	764	55	131	24.675045	h
5	1	15	1	1	3	6080	764	45	131	24.675045	h
5	1	15	1	1	4	6484	764	558	131	17.623148	i
5	1	15	1	1	5	7314	764	44	131	18.810635	i
5	1	15	1	1	6	7401	764	45	131	7.360725	h
5	1	15	1	1	7	7488	764	45	131	7.360725	h
5	1	15	1	1	8	7576	764	44	131	17.552767	h
2	1	16	0	0	0	9076	864	68	40	-1	
3	1	16	1	0	0	9076	864	68	40	-1	
4	1	16	1	1	0	9076	864	68	40	-1	
5	1	16	1	1	1	9072	860	16	62	59.849640	|
5	1	16	1	1	2	9097	864	11	40	70.670410	|
5	1	16	1	1	3	9128	864	16	40	70.670410	|
2	1	17	0	0	0	3148	864	5572	92	-1	
3	1	17	1	0	0	3148	864	5572	92	-1	
4	1	17	1	1	0	3148	864	5572	92	-1	
5	1	17	1	1	1	3148	864	5572	92	2.473049	WA
5	1	17	1	1	2	5982	860	55	131	24.675045	h
5	1	17	1	1	3	6080	860	45	131	24.675045	h
5	1	17	1	1	4	6484	860	558	131	17.623148	i
5	1	17	1	1	5	7314	860	44	131	18.810635	i
5	1	17	1	1	6	7401	860	45	131	7.360725	h
5	1	17	1	1	7	7488	860	45	131	7.360725	h
5	1	17	1	1	8	7576	860	44	131	17.552767	h
2	1	18	0	0	0	9040	908	104	48	-1	
3	1	18	1	0	0	9040	908	104	48	-1	
4	1	18	1	1	0	9040	908	104	48	-1	
5	1	18	1	1	1	9040	908	104	48	24.282131	1]
5	1	18	1	1	2	9127	904	19	73	24.282131	]
2	1	19	0	0	0	3148	1056	5572	92	-1	
3	1	19	1	0	0	3148	1056	5572	92	-1	
4	1	19	1	1	0	3148	1056	5572	92	-1	
5	1	19	1	1	1	3148	1056	5572	92	2.473049	WA
5	1	19	1	1	2	5982	1052	55	131	24.675045	h
5	1	19	1	1	3	6080	1052	45	131	24.675045	h
5	1	19	1	1	4	6484	1052	558	131	17.623148	i
5	1	19	1	1	5	7314	1052	44	131	18.810635	i
5	1	19	1	1	6	7401	1052	45	131	7.360725	h
5	1	19	1	1	7	7488	1052	45	131	7.360725	h
5	1	19	1	1	8	7576	1052	44	131	17.552767	h
2	1	20	0	0	0	3148	960	5572	92	-1	
3	1	20	1	0	0	3148	960	5572	92	-1	
4	1	20	1	1	0	3148	960	5572	92	-1	
5	1	20	1	1	1	3148	960	5572	92	2.473049	WA
5	1	20	1	1	2	5982	956	55	131	24.675045	h
5	1	20	1	1	3	6080	956	45	131	24.675045	h
5	1	20	1	1	4	6484	956	558	131	17.623148	i
5	1	20	1	1	5	7314	956	44	131	18.810635	i
5	1	20	1	1	6	7401	956	45	131	7.360725	h
5	1	20	1	1	7	7488	956	45	131	7.360725	h
5	1	20	1	1	8	7576	956	44	131	17.552767	h
2	1	21	0	0	0	9040	1004	68	92	-1	
3	1	21	1	0	0	9040	1004	68	92	-1	
4	1	21	1	1	0	9040	1004	68	92	-1	
5	1	21	1	1	1	9040	1004	68	92	63.005016	Il
2	1	22	0	0	0	1084	1064	408	200	-1	
3	1	22	1	0	0	1084	1064	408	200	-1	
4	1	22	1	1	0	1084	1064	408	200	-1	
5	1	22	1	1	1	1084	1064	408	200	51.858002	I‘__T
2	1	23	0	0	0	1767	935	538	318	-1	
3	1	23	1	0	0	1767	935	538	318	-1	
4	1	23	1	1	0	1767	935	538	318	-1	
5	1	23	1	1	1	1767	935	538	318	18.262367	o
2	1	24	0	0	0	3148	1152	5220	92	-1	
3	1	24	1	0	0	3148	1152	5220	92	-1	
4	1	24	1	1	0	3148	1152	5220	92	-1	
5	1	24	1	1	1	3148	1152	5220	92	0.095444	WA
5	1	24	1	1	2	5818	1148	45	131	51.201973	h
5	1	24	1	1	3	6222	1148	514	131	13.281364	i
5	1	24	1	1	4	7019	1148	77	131	15.813465	i
5	1	24	1	1	5	7139	1148	45	131	23.362446	h
5	1	24	1	1	6	7226	1148	45	131	9.823723	h
2	1	25	0	0	0	9040	1100	224	112	-1	
3	1	25	1	0	0	9040	1100	224	112	-1	
4	1	25	1	1	0	9040	1100	224	112	-1	
5	1	25	1	1	1	9040	1100	224	112	0.000000	lisd
2	1	26	0	0	0	9076	1196	68	48	-1	
3	1	26	1	0	0	9076	1196	68	48	-1	
4	1	26	1	1	0	9076	1196	68	48	-1	
5	1	26	1	1	1	9076	1196	68	48	46.439743	]|
2	1	27	0	0	0	75	1227	82	42	-1	
3	1	27	1	0	0	75	1227	82	42	-1	
4	1	27	1	1	0	75	1227	82	42	-1	
5	1	27	1	1	1	75	1227	82	42	85.237793	IOU
2	1	28	0	0	0	3148	1248	2228	92	-1	
3	1	28	1	0	0	3148	1248	2228	92	-1	
4	1	28	1	1	0	3148	1248	2228	92	-1	
5	1	28	1	1	1	3148	1248	2228	92	9.443951	W
5	1	28	1	1	2	4574	1244	132	131	11.186533	hh
2	1	29	0	0	0	6668	1248	2052	92	-1	
3	1	29	1	0	0	6668	1248	2052	92	-1	
4	1	29	1	1	0	6668	1248	2052	92	-1	
5	1	29	1	1	1	6668	1248	2052	92	13.281555	W
5	1	29	1	1	2	7919	1244	143	131	2.169428	hh
2	1	30	0	0	0	9040	1292	104	48	-1	
3	1	30	1	0	0	9040	1292	104	48	-1	
4	1	30	1	1	0	9040	1292	104	48	-1	
5	1	30	1	1	1	9040	1292	104	48	24.282131	1]
5	1	30	1	1	2	9127	1288	19	73	24.282131	]
2	1	31	0	0	0	1115	1343	330	54	-1	
3	1	31	1	0	0	1115	1343	330	54	-1	
4	1	31	1	1	0	1115	1343	330	54	-1	
5	1	31	1	1	1	1115	1343	113	54	90.760384	Metal
5	1	31	1	1	2	1250	1347	66	42	92.970551	opt
5	1	31	1	1	3	1423	1347	22	34	69.575409	f
2	1	32	0	0	0	1580	1343	429	50	-1	
3	1	32	1	0	0	1580	1343	429	50	-1	
4	1	32	1	1	0	1580	1343	429	50	-1	
5	1	32	1	1	1	1580	1343	56	50	92.114258	fig
5	1	32	1	1	2	1727	1355	21	34	86.918938	g
5	1	32	1	1	3	1768	1343	60	50	86.918938	the
5	1	32	1	1	4	1851	1347	93	42	26.932421	1/0
5	1	32	1	1	5	1976	1347	33	34	92.346138	port
2	1	33	0	0	0	3148	1344	5572	92	-1	
3	1	33	1	0	0	3148	1344	5572	92	-1	
4	1	33	1	1	0	3148	1344	5572	92	-1	
5	1	33	1	1	1	3148	1344	5572	92	2.473049	WA
5	1	33	1	1	2	5982	1340	55	131	24.675045	h
5	1	33	1	1	3	6080	1340	45	131	24.675045	h
5	1	33	1	1	4	6484	1340	558	131	17.623148	i
5	1	33	1	1	5	7314	1340	44	131	18.810635	i
5	1	33	1	1	6	7401	1340	45	131	7.360725	h
5	1	33	1	1	7	7488	1340	45	131	7.360725	h
5	1	33	1	1	8	7576	1340	44	131	17.552767	h
2	1	34	0	0	0	9040	1388	68	92	-1	
3	1	34	1	0	0	9040	1388	68	92	-1	
4	1	34	1	1	0	9040	1388	68	92	-1	
5	1	34	1	1	1	9040	1388	68	92	63.005016	Il
2	1	35	0	0	0	9040	1344	104	40	-1	
3	1	35	1	0	0	9040	1344	104	40	-1	
4	1	35	1	1	0	9040	1344	104	40	-1	
5	1	35	1	1	1	9036	1340	16	62	60.506714	|
5	1	35	1	1	2	9067	1344	5	40	39.285507	|
5	1	35	1	1	3	9076	1344	68	40	39.285507	]|
2	1	36	0	0	0	71	1240	541	261	-1	
3	1	36	1	0	0	71	1240	553	261	-1	
4	1	36	1	1	0	71	1240	541	261	-1	
5	1	36	1	1	1	71	1399	58	102	83.809456	o
5	1	36	1	1	2	232	1240	380	240	0.000000	(T
2	1	37	0	0	0	232	1484	392	84	-1	
3	1	37	1	0	0	232	1484	392	84	-1	
4	1	37	1	1	0	232	1484	392	84	-1	
5	1	37	1	1	1	232	1484	392	84	57.569481	I
2	1	38	0	0	0	3148	1440	5572	92	-1	
3	1	38	1	0	0	3148	1440	5572	92	-1	
4	1	38	1	1	0	3148	1440	5572	92	-1	
5	1	38	1	1	1	3148	1440	5572	92	2.473049	WA
5	1	38	1	1	2	5982	1436	55	131	24.675045	h
5	1	38	1	1	3	6080	1436	45	131	24.675045	h
5	1	38	1	1	4	6484	1436	558	131	17.623148	i
5	1	38	1	1	5	7314	1436	44	131	18.810635	i
5	1	38	1	1	6	7401	1436	45	131	7.360725	h
5	1	38	1	1	7	7488	1436	45	131	7.360725	h
5	1	38	1	1	8	7576	1436	44	131	17.552767	h
2	1	39	0	0	0	9040	1484	224	112	-1	
3	1	39	1	0	0	9040	1484	224	112	-1	
4	1	39	1	1	0	9040	1484	224	112	-1	
5	1	39	1	1	1	9040	1484	224	112	0.000000	lisd
2	1	40	0	0	0	520	1572	104	96	-1	
3	1	40	1	0	0	520	1572	104	96	-1	
4	1	40	1	1	0	520	1572	104	96	-1	
5	1	40	1	1	1	520	1572	104	96	42.243484	I
2	1	41	0	0	0	3148	1536	5572	92	-1	
3	1	41	1	0	0	3148	1536	5572	92	-1	
4	1	41	1	1	0	3148	1536	5572	92	-1	
5	1	41	1	1	1	3148	1536	5572	92	2.473049	WA
5	1	41	1	1	2	5982	1532	55	131	24.675045	h
5	1	41	1	1	3	6080	1532	45	131	24.675045	h
5	1	41	1	1	4	6484	1532	558	131	17.623148	i
5	1	41	1	1	5	7314	1532	44	131	18.810635	i
5	1	41	1	1	6	7401	1532	45	131	7.360725	h
5	1	41	1	1	7	7488	1532	45	131	7.360725	h
5	1	41	1	1	8	7576	1532	44	131	17.552767	h
2	1	42	0	0	0	3236	1632	5484	92	-1	
3	1	42	1	0	0	3236	1632	5484	92	-1	
4	1	42	1	1	0	3236	1632	5484	92	-1	
5	1	42	1	1	1	3236	1632	5484	92	1.121645	WA
5	1	42	1	1	2	5983	1628	55	131	26.884823	h
5	1	42	1	1	3	6081	1628	44	131	26.884823	h
5	1	42	1	1	4	6485	1628	557	131	18.419313	i
5	1	42	1	1	5	7314	1628	45	131	19.006519	i
5	1	42	1	1	6	7402	1628	44	131	0.000000	h
5	1	42	1	1	7	7489	1628	45	131	0.000000	h
5	1	42	1	1	8	7576	1628	45	131	18.556118	h
2	1	43	0	0	0	9040	1676	104	48	-1	
3	1	43	1	0	0	9040	1676	104	48	-1	
4	1	43	1	1	0	9040	1676	104	48	-1	
5	1	43	1	1	1	9040	1676	104	48	24.282131	1]
5	1	43	1	1	2	9127	1672	19	73	24.282131	]
2	1	44	0	0	0	9076	1632	68	40	-1	
3	1	44	1	0	0	9076	1632	68	40	-1	
4	1	44	1	1	0	9076	1632	68	40	-1	
5	1	44	1	1	1	9072	1628	16	62	66.218681	|
5	1	44	1	1	2	9097	1632	11	40	70.329834	|
5	1	44	1	1	3	9128	1632	16	40	70.329834	|
2	1	45	0	0	0	9076	1580	68	48	-1	
3	1	45	1	0	0	9076	1580	68	48	-1	
4	1	45	1	1	0	9076	1580	68	48	-1	
5	1	45	1	1	1	9076	1580	68	48	46.439743	]|
2	1	46	0	0	0	9880	1479	165	246	-1	
3	1	46	1	0	0	9880	1479	165	246	-1	
4	1	46	1	1	0	9880	1479	165	246	-1	
5	1	46	1	1	1	9880	1479	165	246	73.669601	¥
2	1	47	0	0	0	10048	1240	336	485	-1	
3	1	47	1	0	0	10048	1240	336	485	-1	
4	1	47	1	1	0	10048	1240	336	485	-1	
5	1	47	1	1	1	10048	1240	336	485	35.242393	Jy.
2	1	48	0	0	0	2528	1712	68	32	-1	
3	1	48	1	0	0	2528	1712	68	32	-1	
4	1	48	1	1	0	2528	1712	68	32	-1	
5	1	48	1	1	1	2524	1708	13	51	48.351498	|
5	1	48	1	1	2	2553	1712	7	32	55.956589	|
5	1	48	1	1	3	2583	1712	13	32	53.650471	|
2	1	49	0	0	0	3148	1728	3460	92	-1	
3	1	49	1	0	0	3148	1728	3460	92	-1	
4	1	49	1	1	0	3148	1728	3460	92	-1	
5	1	49	1	1	1	3148	1728	3460	92	4.783974	WA
5	1	49	1	1	2	5818	1724	45	131	22.440605	h
5	1	49	1	1	3	5905	1724	45	131	0.000000	h
5	1	49	1	1	4	5982	1724	44	131	0.000000	h
5	1	49	1	1	5	6189	1724	165	131	7.841768	o
2	1	50	0	0	0	7108	1728	820	92	-1	
3	1	50	1	0	0	7108	1728	820	92	-1	
4	1	50	1	1	0	7108	1728	820	92	-1	
5	1	50	1	1	1	7108	1728	820	92	10.590229	T
2	1	51	0	0	0	8340	1728	380	92	-1	
3	1	51	1	0	0	8340	1728	380	92	-1	
4	1	51	1	1	0	8340	1728	380	92	-1	
5	1	51	1	1	1	8340	1728	380	92	24.899826	Iy
2	1	52	0	0	0	9040	1728	104	40	-1	
3	1	52	1	0	0	9040	1728	104	40	-1	
4	1	52	1	1	0	9040	1728	104	40	-1	
5	1	52	1	1	1	9036	1724	16	62	60.506714	|
5	1	52	1	1	2	9067	1728	5	40	39.285507	|
5	1	52	1	1	3	9076	1728	68	40	39.285507	]|
2	1	53	0	0	0	9340	1440	68	328	-1	
3	1	53	1	0	0	9340	1440	68	328	-1	
4	1	53	1	1	0	9340	1440	68	328	-1	
5	1	53	1	1	1	9340	1440	68	380	82.277954	|
2	1	54	0	0	0	3148	1824	5572	92	-1	
3	1	54	1	0	0	3148	1824	5572	92	-1	
4	1	54	1	1	0	3148	1824	5572	92	-1	
5	1	54	1	1	1	3148	1824	5572	92	2.473049	WA
5	1	54	1	1	2	5982	1820	55	131	24.675045	h
5	1	54	1	1	3	6080	1820	45	131	24.675045	h
5	1	54	1	1	4	6484	1820	558	131	17.623148	i
5	1	54	1	1	5	7314	1820	44	131	18.810635	i
5	1	54	1	1	6	7401	1820	45	131	7.360725	h
5	1	54	1	1	7	7488	1820	45	131	7.360725	h
5	1	54	1	1	8	7576	1820	44	131	17.552767	h
2	1	55	0	0	0	9040	1772	224	112	-1	
3	1	55	1	0	0	9040	1772	224	112	-1	
4	1	55	1	1	0	9040	1772	224	112	-1	
5	1	55	1	1	1	9040	1772	224	112	0.000000	i
2	1	56	0	0	0	71	1572	445	477	-1	
3	1	56	1	0	0	71	1572	445	477	-1	
4	1	56	1	1	0	71	1572	445	477	-1	
5	1	56	1	1	1	71	1572	445	477	22.194366	1l
2	1	57	0	0	0	520	1672	748	356	-1	
3	1	57	1	0	0	520	1672	748	356	-1	
4	1	57	1	1	0	520	1672	748	356	-1	
5	1	57	1	1	1	520	1672	748	356	4.628353	ity
2	1	58	0	0	0	1767	1907	30	54	-1	
3	1	58	1	0	0	1767	1907	30	54	-1	
4	1	58	1	1	0	1767	1907	30	54	-1	
5	1	58	1	1	1	1767	1907	30	54	70.931313	1
2	1	59	0	0	0	3148	1920	5572	92	-1	
3	1	59	1	0	0	3148	1920	5572	92	-1	
4	1	59	1	1	0	3148	1920	5572	92	-1	
5	1	59	1	1	1	3148	1920	62	92	0.000000	h
5	1	59	1	1	2	3236	1920	5484	92	0.000000	S
5	1	59	1	1	3	7598	1916	164	131	22.595358	o
5	1	59	1	1	4	7849	1916	88	131	14.814310	o
5	1	59	1	1	5	8034	1916	307	131	18.747492	O
2	1	60	0	0	0	3196	2056	5556	8	-1	
3	1	60	1	0	0	3196	2056	5556	8	-1	
4	1	60	1	1	0	3196	2056	5556	8	-1	
5	1	60	1	1	1	3196	2056	12	8	58.329472	a
5	1	60	1	1	2	3284	2056	12	8	58.329472	a
5	1	60	1	1	3	3372	2056	12	8	58.329472	a
5	1	60	1	1	4	3460	2056	12	8	58.329472	a
5	1	60	1	1	5	3548	2056	12	8	58.329472	a
5	1	60	1	1	6	3636	2056	12	8	58.329472	a
5	1	60	1	1	7	3724	2056	12	8	58.329472	a
5	1	60	1	1	8	3812	2056	12	8	58.329472	a
5	1	60	1	1	9	3900	2056	12	8	58.329472	a
5	1	60	1	1	10	3988	2056	12	8	58.329472	a
5	1	60	1	1	11	4076	2056	12	8	58.329472	a
5	1	60	1	1	12	4164	2056	12	8	58.329472	a
5	1	60	1	1	13	4252	2056	12	8	58.329472	a
5	1	60	1	1	14	4340	2056	12	8	58.329472	a
5	1	60	1	1	15	4428	2056	12	8	58.329472	a
5	1	60	1	1	16	4516	2056	12	8	58.329472	a
5	1	60	1	1	17	4604	2056	12	8	58.329472	a
5	1	60	1	1	18	4692	2056	12	8	58.329472	a
5	1	60	1	1	19	4780	2056	12	8	58.329472	a
5	1	60	1	1	20	4868	2056	12	8	58.329472	a
5	1	60	1	1	21	4956	2056	12	8	58.329472	a
5	1	60	1	1	22	5044	2056	12	8	58.329472	a
5	1	60	1	1	23	5132	2056	12	8	58.329472	a
5	1	60	1	1	24	5220	2056	12	8	58.329472	a
5	1	60	1	1	25	5308	2056	12	8	58.329472	a
5	1	60	1	1	26	5396	2056	12	8	58.329472	a
5	1	60	1	1	27	5484	2056	12	8	58.329472	a
5	1	60	1	1	28	5572	2056	12	8	58.329472	a
5	1	60	1	1	29	5660	2056	12	8	58.329472	a
5	1	60	1	1	30	5748	2056	12	8	58.329472	a
5	1	60	1	1	31	5836	2056	12	8	58.329472	a
5	1	60	1	1	32	5924	2056	12	8	58.329472	a
5	1	60	1	1	33	6012	2056	12	8	58.329472	a
5	1	60	1	1	34	6100	2056	12	8	58.329472	a
5	1	60	1	1	35	6188	2056	12	8	58.329472	a
5	1	60	1	1	36	6276	2056	12	8	58.329472	a
5	1	60	1	1	37	6364	2056	12	8	58.329472	a
5	1	60	1	1	38	6452	2056	12	8	58.329472	a
5	1	60	1	1	39	6540	2056	12	8	58.329472	a
5	1	60	1	1	40	6628	2056	12	8	58.329472	a
5	1	60	1	1	41	6716	2056	12	8	58.329472	a
5	1	60	1	1	42	6804	2056	12	8	58.329472	a
5	1	60	1	1	43	6892	2056	12	8	58.329472	a
5	1	60	1	1	44	6980	2056	12	8	58.329472	a
5	1	60	1	1	45	7068	2056	12	8	58.329472	a
5	1	60	1	1	46	7156	2056	12	8	58.329472	a
5	1	60	1	1	47	7244	2056	12	8	58.329472	a
5	1	60	1	1	48	7332	2056	12	8	58.329472	a
5	1	60	1	1	49	7420	2056	12	8	58.329472	a
5	1	60	1	1	50	7508	2056	12	8	58.329472	a
5	1	60	1	1	51	7596	2056	12	8	58.329472	a
5	1	60	1	1	52	7684	2056	12	8	58.329472	a
5	1	60	1	1	53	7772	2056	12	8	58.329472	a
5	1	60	1	1	54	7860	2056	12	8	58.329472	a
5	1	60	1	1	55	7948	2056	12	8	58.329472	a
5	1	60	1	1	56	8036	2056	12	8	58.329472	a
5	1	60	1	1	57	8124	2056	12	8	58.329472	a
5	1	60	1	1	58	8212	2056	12	8	58.329472	a
5	1	60	1	1	59	8300	2056	12	8	58.329472	a
5	1	60	1	1	60	8388	2056	12	8	58.329472	a
5	1	60	1	1	61	8476	2056	12	8	58.329472	a
5	1	60	1	1	62	8564	2056	12	8	58.329472	a
5	1	60	1	1	63	8652	2056	12	8	58.329472	a
5	1	60	1	1	64	8740	2056	12	8	58.329472	a
2	1	61	0	0	0	9040	1868	224	144	-1	
3	1	61	1	0	0	9040	1868	224	144	-1	
4	1	61	1	1	0	9040	1868	224	144	-1	
5	1	61	1	1	1	9040	1868	224	144	0.000000	li
2	1	62	0	0	0	9592	1760	68	316	-1	
3	1	62	1	0	0	9592	1760	68	316	-1	
4	1	62	1	1	0	9592	1760	68	316	-1	
5	1	62	1	1	1	9592	1760	68	316	53.458832	|
2	1	63	0	0	0	9112	1772	296	400	-1	
3	1	63	1	0	0	9112	1772	296	400	-1	
4	1	63	1	1	0	9112	1772	296	400	-1	
5	1	63	1	1	1	9112	1772	296	400	71.679474	il
2	1	64	0	0	0	9304	1824	104	348	-1	
3	1	64	1	0	0	9304	1824	104	348	-1	
4	1	64	1	1	0	9304	1824	104	348	-1	
5	1	64	1	1	1	9304	1824	104	348	86.635803	I
2	1	65	0	0	0	9448	2080	212	92	-1	
3	1	65	1	0	0	9448	2080	212	92	-1	
4	1	65	1	1	0	9448	2080	212	92	-1	
5	1	65	1	1	1	9448	2080	212	92	0.000000	il
2	1	66	0	0	0	10112	2060	160	112	-1	
3	1	66	1	0	0	10112	2060	160	112	-1	
4	1	66	1	1	0	10112	2060	160	112	-1	
5	1	66	1	1	1	10112	2060	160	112	33.522930	o
2	1	67	0	0	0	71	2011	553	193	-1	
3	1	67	1	0	0	71	2011	553	193	-1	
4	1	67	1	1	0	71	2011	553	193	-1	
5	1	67	1	1	1	71	2123	66	102	65.023346	o
5	1	67	1	1	2	218	2011	406	193	0.000000	[II][I]
2	1	68	0	0	0	232	2208	392	84	-1	
3	1	68	1	0	0	232	2208	392	84	-1	
4	1	68	1	1	0	232	2208	392	84	-1	
5	1	68	1	1	1	232	2208	392	84	40.043800	I
2	1	69	0	0	0	10908	2124	68	152	-1	
3	1	69	1	0	0	10908	2124	68	152	-1	
4	1	69	1	1	0	10908	2124	68	152	-1	
5	1	69	1	1	1	10908	2124	68	152	70.882401	I
2	1	70	0	0	0	520	2296	104	96	-1	
3	1	70	1	0	0	520	2296	104	96	-1	
4	1	70	1	1	0	520	2296	104	96	-1	
5	1	70	1	1	1	520	2296	104	96	42.243484	I
2	1	71	0	0	0	3292	2280	5396	32	-1	
3	1	71	1	0	0	3292	2280	5396	32	-1	
4	1	71	1	1	0	3292	2280	5396	32	-1	
5	1	71	1	1	1	3292	2280	5396	32	78.811501	l-l-l--l-l-l--l-l-l--l-l-l--l-l-l--l-l-l--l-l-l--l-l-l--l-l-l--l-l-l--l-l-l--l-l-l--l-l-l--l-l-l--l-l-l--l-
2	1	72	0	0	0	3324	2312	5332	51	-1	
3	1	72	1	0	0	3324	2312	5332	51	-1	
4	1	72	1	1	0	3324	2312	5332	51	-1	
5	1	72	1	1	1	3324	2316	30	32	0.000000	I
5	1	72	1	1	2	3383	2316	44	32	10.925102	N
5	1	72	1	1	3	3485	2316	48	32	41.823685	N
5	1	72	1	1	4	3562	2312	47	51	36.653763	NN
5	1	72	1	1	5	3647	2316	13	32	39.310684	I
5	1	72	1	1	6	3694	2316	30	32	36.208500	N
5	1	72	1	1	7	3736	2312	43	51	39.413025	DN
5	1	72	1	1	8	3821	2316	14	32	23.767366	I
5	1	72	1	1	9	3868	2316	30	32	38.019440	N
5	1	72	1	1	10	3940	2316	43	32	42.901844	N
5	1	72	1	1	11	4028	2316	4628	32	78.851868	-l--l--l--l--l--l-—l--l--l--l-—l--l--l--l-—l--l--l--l-—l--l--l--l-—l--l--l--l
2	1	73	0	0	0	3468	2352	612	68	-1	
3	1	73	1	0	0	3468	2352	612	68	-1	
4	1	73	1	1	0	3468	2352	612	68	-1	
5	1	73	1	1	1	3468	2352	612	68	78.882301	---l--
2	1	74	0	0	0	4348	2352	964	32	-1	
3	1	74	1	0	0	4348	2352	964	32	-1	
4	1	74	1	1	0	4348	2352	964	32	-1	
5	1	74	1	1	1	4348	2352	47	32	10.293369	I
5	1	74	1	1	2	4446	2348	68	51	22.968620	NN
5	1	74	1	1	3	4526	2352	14	32	34.826706	I
5	1	74	1	1	4	4556	2348	26	51	25.914774	N
5	1	74	1	1	5	4616	2352	47	32	33.603687	DN
5	1	74	1	1	6	4705	2352	39	32	4.143620	P
5	1	74	1	1	7	4790	2352	43	32	41.596569	N
5	1	74	1	1	8	4879	2352	14	32	33.995892	O
5	1	74	1	1	9	4909	2352	26	32	20.343895	U
5	1	74	1	1	10	4968	2348	52	51	9.039211	NN
5	1	74	1	1	11	5058	2352	39	32	38.180244	N
5	1	74	1	1	12	5140	2352	172	32	38.618507	NN
5	1	74	1	1	13	5274	2348	39	51	51.226543	.
2	1	75	0	0	0	8484	2352	260	32	-1	
3	1	75	1	0	0	8484	2352	260	32	-1	
4	1	75	1	1	0	8484	2352	260	32	-1	
5	1	75	1	1	1	8484	2352	260	32	79.061058	--l-
2	1	76	0	0	0	9040	1964	104	400	-1	
3	1	76	1	0	0	9040	1964	104	400	-1	
4	1	76	1	1	0	9040	1964	104	400	-1	
5	1	76	1	1	1	9040	1964	104	400	99.087524	I
2	1	77	0	0	0	9148	2176	512	188	-1	
3	1	77	1	0	0	9148	2176	512	188	-1	
4	1	77	1	1	0	9148	2176	512	188	-1	
5	1	77	1	1	1	9148	2176	512	188	3.113747	e
2	1	78	0	0	0	2528	2436	68	32	-1	
3	1	78	1	0	0	2528	2436	68	32	-1	
4	1	78	1	1	0	2528	2436	68	32	-1	
5	1	78	1	1	1	2524	2432	13	51	48.351498	|
5	1	78	1	1	2	2553	2436	7	32	55.956589	|
5	1	78	1	1	3	2583	2436	13	32	53.650471	|
2	1	79	0	0	0	3204	2316	524	196	-1	
3	1	79	1	0	0	3204	2316	524	196	-1	
4	1	79	1	1	0	3204	2316	524	196	-1	
5	1	79	1	1	1	3204	2316	524	196	0.000000	BNRESS
2	1	80	0	0	0	9076	2368	584	92	-1	
3	1	80	1	0	0	9076	2368	584	92	-1	
4	1	80	1	1	0	9076	2368	584	92	-1	
5	1	80	1	1	1	9076	2368	584	92	85.031471	II-IIIII-II
2	1	81	0	0	0	10908	2280	68	224	-1	
3	1	81	1	0	0	10908	2280	68	224	-1	
4	1	81	1	1	0	10908	2280	68	224	-1	
5	1	81	1	1	1	10908	2280	68	224	84.895287	|
2	1	82	0	0	0	3732	2384	4924	199	-1	
3	1	82	1	0	0	3732	2384	4924	199	-1	
4	1	82	1	1	0	3732	2384	4924	199	-1	
5	1	82	1	1	1	3732	2388	524	195	62.063896	“-
5	1	82	1	1	2	3996	2388	1140	159	59.769688	-L.L
5	1	82	1	1	3	5052	2388	788	159	59.769688	-L.L
5	1	82	1	1	4	5756	2388	788	159	59.769688	-L.L
5	1	82	1	1	5	6460	2388	788	159	60.300995	-“-.L
5	1	82	1	1	6	7164	2388	788	159	59.769688	-L-.L
5	1	82	1	1	7	7956	2388	348	159	87.146935	.
5	1	82	1	1	8	8304	2384	56	111	49.914307	|
5	1	82	1	1	9	8470	2388	98	103	0.000000	1
5	1	82	1	1	10	8618	2388	38	68	70.875786	|
2	1	83	0	0	0	8660	2280	232	268	-1	
3	1	83	1	0	0	8660	2280	232	268	-1	
4	1	83	1	1	0	8660	2280	232	268	-1	
5	1	83	1	1	1	8660	2280	232	268	58.530510	T
2	1	84	0	0	0	8788	2552	584	32	-1	
3	1	84	1	0	0	8788	2552	584	32	-1	
4	1	84	1	1	0	8788	2552	584	32	-1	
5	1	84	1	1	1	8788	2548	52	51	29.791374	11
5	1	84	1	1	2	8864	2552	14	32	29.238625	1
5	1	84	1	1	3	8898	2552	69	32	21.406723	I
5	1	84	1	1	4	9060	2552	35	32	27.835531	O
5	1	84	1	1	5	9115	2552	18	32	28.858818	O
2	1	85	0	0	0	9076	2464	512	120	-1	
3	1	85	1	0	0	9076	2464	512	120	-1	
4	1	85	1	1	0	9076	2464	512	120	-1	
5	1	85	1	1	1	9076	2464	68	84	30.698017	1
2	1	86	0	0	0	10148	2316	164	240	-1	
3	1	86	1	0	0	10148	2316	164	240	-1	
4	1	86	1	1	0	10148	2316	164	240	-1	
5	1	86	1	1	1	10148	2316	164	240	85.460251	o
2	1	87	0	0	0	232	2296	284	456	-1	
3	1	87	1	0	0	71	2296	445	456	-1	
4	1	87	1	1	0	232	2296	284	456	-1	
5	1	87	1	1	1	71	2296	445	456	0.000000	o
2	1	88	0	0	0	556	2688	68	64	-1	
3	1	88	1	0	0	556	2688	68	64	-1	
4	1	88	1	1	0	556	2688	68	64	-1	
5	1	88	1	1	1	556	2688	68	64	74.589111	il
2	1	89	0	0	0	628	2512	640	240	-1	
3	1	89	1	0	0	628	2512	640	240	-1	
4	1	89	1	1	0	628	2512	640	240	-1	
5	1	89	1	1	1	628	2512	640	240	29.103241	=
2	1	90	0	0	0	1272	2596	220	156	-1	
3	1	90	1	0	0	1272	2596	220	156	-1	
4	1	90	1	1	0	1272	2596	220	156	-1	
5	1	90	1	1	1	1272	2596	220	156	24.876175	11
2	1	91	0	0	0	1767	2631	30	54	-1	
3	1	91	1	0	0	1767	2631	30	54	-1	
4	1	91	1	1	0	1767	2631	30	54	-1	
5	1	91	1	1	1	1767	2631	30	54	70.931313	1
2	1	92	0	0	0	9112	2464	548	284	-1	
3	1	92	1	0	0	9112	2464	548	284	-1	
4	1	92	1	1	0	9112	2464	548	284	-1	
5	1	92	1	1	1	9112	2464	548	284	71.828903	IIIIII'-H
2	1	93	0	0	0	10944	2508	68	188	-1	
3	1	93	1	0	0	10944	2508	68	188	-1	
4	1	93	1	1	0	10944	2508	68	188	-1	
5	1	93	1	1	1	10944	2508	68	188	77.036583	|
2	1	94	0	0	0	2932	2624	1088	200	-1	
3	1	94	1	0	0	2932	2624	1088	200	-1	
4	1	94	1	1	0	2932	2624	1088	200	-1	
5	1	94	1	1	1	2932	2624	1088	200	91.068756	|_
2	1	95	0	0	0	2968	2660	2028	200	-1	
3	1	95	1	0	0	2968	2660	2028	200	-1	
4	1	95	1	1	0	2968	2660	2028	200	-1	
5	1	95	1	1	1	2968	2660	2028	200	49.312725	-ﬂ-
2	1	96	0	0	0	9340	2752	320	92	-1	
3	1	96	1	0	0	9340	2752	320	92	-1	
4	1	96	1	1	0	9340	2752	320	92	-1	
5	1	96	1	1	1	9340	2752	320	92	49.671455	I
2	1	97	0	0	0	71	2756	553	172	-1	
3	1	97	1	0	0	71	2756	553	172	-1	
4	1	97	1	1	0	71	2756	553	172	-1	
5	1	97	1	1	1	71	2847	66	42	56.795124	oo
5	1	97	1	1	2	225	2752	160	238	18.495293	(Il
5	1	97	1	1	3	483	2756	140	172	0.000000	I
2	1	98	0	0	0	4136	2660	2268	236	-1	
3	1	98	1	0	0	4136	2660	2268	236	-1	
4	1	98	1	1	0	4136	2660	2268	236	-1	
5	1	98	1	1	1	4136	2660	2268	236	69.067039	l_i.-l-
2	1	99	0	0	0	5544	2660	2812	344	-1	
3	1	99	1	0	0	5544	2660	2812	344	-1	
4	1	99	1	1	0	5544	2660	2812	344	-1	
5	1	99	1	1	1	5544	2660	2812	344	65.686668	!ﬂillll!ﬁ|
2	1	100	0	0	0	7816	2588	1040	416	-1	
3	1	100	1	0	0	7816	2588	1040	416	-1	
4	1	100	1	1	0	7816	2588	1040	416	-1	
5	1	100	1	1	1	7816	2552	1040	452	0.000000	Eiill
2	1	101	0	0	0	8860	2588	248	352	-1	
3	1	101	1	0	0	8860	2588	248	352	-1	
4	1	101	1	1	0	8860	2588	248	352	-1	
5	1	101	1	1	1	8860	2588	248	352	15.721407	I
2	1	102	0	0	0	8824	2944	764	132	-1	
3	1	102	1	0	0	8824	2944	764	132	-1	
4	1	102	1	1	0	8824	2944	764	132	-1	
5	1	102	1	1	1	8824	2944	764	132	90.425728	I-III-IIII
2	1	103	0	0	0	9112	2752	224	188	-1	
3	1	103	1	0	0	9112	2752	224	188	-1	
4	1	103	1	1	0	9112	2752	224	188	-1	
5	1	103	1	1	1	9112	2752	224	188	48.668404	|l
2	1	104	0	0	0	9340	2848	320	92	-1	
3	1	104	1	0	0	9340	2848	320	92	-1	
4	1	104	1	1	0	9340	2848	320	92	-1	
5	1	104	1	1	1	9340	2848	320	92	85.031471	IIII-II
2	1	105	0	0	0	10148	2700	164	240	-1	
3	1	105	1	0	0	10148	2700	164	240	-1	
4	1	105	1	1	0	10148	2700	164	240	-1	
5	1	105	1	1	1	10148	2700	164	240	85.460251	o
2	1	106	0	0	0	10908	2700	104	284	-1	
3	1	106	1	0	0	10908	2700	104	284	-1	
4	1	106	1	1	0	10908	2700	104	284	-1	
5	1	106	1	1	1	10908	2700	104	284	80.368103	I
2	1	107	0	0	0	232	2932	392	84	-1	
3	1	107	1	0	0	232	2932	392	84	-1	
4	1	107	1	1	0	232	2932	392	84	-1	
5	1	107	1	1	1	232	2932	392	84	41.095497	I
2	1	108	0	0	0	520	3020	104	96	-1	
3	1	108	1	0	0	520	3020	104	96	-1	
4	1	108	1	1	0	520	3020	104	96	-1	
5	1	108	1	1	1	520	3020	104	96	42.243484	I
2	1	109	0	0	0	8360	3008	940	32	-1	
3	1	109	1	0	0	8360	3008	940	32	-1	
4	1	109	1	1	0	8360	3008	940	32	-1	
5	1	109	1	1	1	8360	3008	213	32	19.781189	|
5	1	109	1	1	2	8793	3008	22	32	52.723770	N
5	1	109	1	1	3	8827	3008	22	32	32.375244	N
5	1	109	1	1	4	8866	3008	22	32	44.002625	N
5	1	109	1	1	5	8900	3004	73	51	49.762032	DN
5	1	109	1	1	6	9040	3008	18	32	11.447353	N
5	1	109	1	1	7	9099	3008	39	32	21.612526	N
2	1	110	0	0	0	8788	3044	584	32	-1	
3	1	110	1	0	0	8788	3044	584	32	-1	
4	1	110	1	1	0	8788	3044	584	32	-1	
5	1	110	1	1	1	8788	3044	584	32	78.564903	Ill_lll_l
2	1	111	0	0	0	10764	2988	104	92	-1	
3	1	111	1	0	0	10764	2988	104	92	-1	
4	1	111	1	1	0	10764	2988	104	92	-1	
5	1	111	1	1	1	10764	2988	104	92	48.785255	|
2	1	112	0	0	0	2528	3160	68	32	-1	
3	1	112	1	0	0	2528	3160	68	32	-1	
4	1	112	1	1	0	2528	3160	68	32	-1	
5	1	112	1	1	1	2524	3156	13	51	48.351498	|
5	1	112	1	1	2	2553	3160	7	32	55.956589	|
5	1	112	1	1	3	2583	3160	13	32	53.650471	|
2	1	113	0	0	0	2528	2472	68	684	-1	
3	1	113	1	0	0	2528	2472	68	684	-1	
4	1	113	1	1	0	2528	2472	68	684	-1	
5	1	113	1	1	1	2528	2472	68	684	96.874908	|
2	1	114	0	0	0	3644	3045	5100	159	-1	
3	1	114	1	0	0	3644	3045	5100	159	-1	
4	1	114	1	1	0	3644	3045	5100	159	-1	
5	1	114	1	1	1	3644	3045	1492	159	63.458954	-ﬂ—-ﬂ—-ﬂ—.
5	1	114	1	1	2	5140	3045	700	159	87.100296	.
5	1	114	1	1	3	5404	3080	436	124	63.464691	ﬂ—
5	1	114	1	1	4	5844	3045	700	159	87.100296	.
5	1	114	1	1	5	6548	3045	700	159	87.100296	.
5	1	114	1	1	6	6812	3080	436	124	63.464691	ﬂ—
5	1	114	1	1	7	7252	3045	700	159	87.100296	.
5	1	114	1	1	8	7956	3045	700	159	87.100296	.
5	1	114	1	1	9	8220	3080	524	124	83.035530	—--
2	1	115	0	0	0	9304	3080	104	52	-1	
3	1	115	1	0	0	9304	3080	104	52	-1	
4	1	115	1	1	0	9304	3080	104	52	-1	
5	1	115	1	1	1	9304	3080	104	52	46.624508	1]
2	1	116	0	0	0	9376	3136	284	92	-1	
3	1	116	1	0	0	9376	3136	284	92	-1	
4	1	116	1	1	0	9376	3136	284	92	-1	
5	1	116	1	1	1	9376	3136	284	92	57.791786	I
2	1	117	0	0	0	9376	2944	284	188	-1	
3	1	117	1	0	0	9376	2944	284	188	-1	
4	1	117	1	1	0	9376	2944	284	188	-1	
5	1	117	1	1	1	9376	2944	284	188	64.542915	Jll
2	1	118	0	0	0	10872	2988	140	172	-1	
3	1	118	1	0	0	10872	2988	140	172	-1	
4	1	118	1	1	0	10872	2988	140	172	-1	
5	1	118	1	1	1	10872	2988	140	172	17.506838	i
2	1	119	0	0	0	520	3120	104	128	-1	
3	1	119	1	0	0	520	3120	104	128	-1	
4	1	119	1	1	0	520	3120	104	128	-1	
5	1	119	1	1	1	520	3120	104	128	59.308479	|1
2	1	120	0	0	0	3204	3136	292	140	-1	
3	1	120	1	0	0	3204	3136	292	140	-1	
4	1	120	1	1	0	3204	3136	292	140	-1	
5	1	120	1	1	1	3204	3136	292	140	54.059631	T
2	1	121	0	0	0	3292	3280	5564	32	-1	
3	1	121	1	0	0	3292	3280	5564	32	-1	
4	1	121	1	1	0	3292	3280	5564	32	-1	
5	1	121	1	1	1	3292	3280	116	32	25.211563	e
5	1	121	1	1	2	3475	3280	21	32	33.164948	e
5	1	121	1	1	3	3560	3280	39	32	34.220219	o
5	1	121	1	1	4	3632	3276	96	51	29.384356	vy
5	1	121	1	1	5	3810	3276	56	51	28.499855	ey
5	1	121	1	1	6	3895	3280	9	32	17.373142	v
5	1	121	1	1	7	3985	3280	39	32	0.911407	e
5	1	121	1	1	8	4087	3280	25	32	48.852386	e
5	1	121	1	1	9	4180	3280	20	32	44.493103	e
5	1	121	1	1	10	4248	3280	56	32	0.000000	re
5	1	121	1	1	11	4348	3276	45	51	0.000000	ry
5	1	121	1	1	12	4427	3276	56	51	15.930061	ey
5	1	121	1	1	13	4516	3276	56	51	0.919495	ey
5	1	121	1	1	14	4614	3280	114	32	10.340099	oy
5	1	121	1	1	15	4775	3280	41	32	31.430349	e
5	1	121	1	1	16	4864	3276	61	51	0.000000	re
5	1	121	1	1	17	4966	3280	114	32	11.407433	ey
5	1	121	1	1	18	5128	3280	40	32	26.095638	vy
5	1	121	1	1	19	5217	3276	56	51	11.766167	ry
5	1	121	1	1	20	5315	3280	1	32	0.000000	e
5	1	121	1	1	21	5391	3276	56	51	1.260071	vy
5	1	121	1	1	22	5493	3280	27	32	12.423201	e
5	1	121	1	1	23	5612	3280	52	32	0.000000	v
5	1	121	1	1	24	5740	3276	60	51	0.000000	re
5	1	121	1	1	25	5829	3280	43	32	17.520418	by
5	1	121	1	1	26	5927	3276	52	51	1.967821	ey
5	1	121	1	1	27	6020	3280	44	32	10.717077	e
5	1	121	1	1	28	6139	3276	103	51	0.000000	ey
5	1	121	1	1	29	6271	3280	41	32	7.384377	v
5	1	121	1	1	30	6360	3280	56	32	0.000000	re
5	1	121	1	1	31	6433	3276	55	51	15.167418	oy
5	1	121	1	1	32	6539	3276	56	51	50.761620	ey
5	1	121	1	1	33	6624	3276	56	51	5.254536	ry
5	1	121	1	1	34	6726	3280	114	32	0.000000	ey
5	1	121	1	1	35	6887	3276	61	51	36.754791	ey
5	1	121	1	1	36	6994	3280	22	32	0.000000	e
5	1	121	1	1	37	7079	3280	43	32	15.104332	o
5	1	121	1	1	38	7164	3276	47	51	17.187653	vy
5	1	121	1	1	39	7240	3280	128	32	11.946421	vy
5	1	121	1	1	40	7427	3280	1	32	0.000000	e
5	1	121	1	1	41	7504	3276	56	51	23.364153	ry
5	1	121	1	1	42	7678	3280	98	32	0.000000	v
5	1	121	1	1	43	7852	3276	60	51	0.000000	rr
5	1	121	1	1	44	7933	3280	51	32	33.114639	oy
5	1	121	1	1	45	8031	3276	60	51	0.000000	ry
5	1	121	1	1	46	8120	3280	56	32	0.000000	re
5	1	121	1	1	47	8220	3276	49	51	0.000000	rr
5	1	121	1	1	48	8298	3276	56	51	19.979572	ry
5	1	121	1	1	49	8383	3276	56	51	9.898491	Py
5	1	121	1	1	50	8451	3276	78	51	0.000000	ore
5	1	121	1	1	51	8572	3276	42	51	0.000000	rr
5	1	121	1	1	52	8643	3280	45	32	0.000000	iy
5	1	121	1	1	53	8740	3280	4	32	0.000000	q
2	1	122	0	0	0	3500	3208	228	32	-1	
3	1	122	1	0	0	3500	3208	228	32	-1	
4	1	122	1	1	0	3500	3208	228	32	-1	
5	1	122	1	1	1	3496	3204	30	51	21.576796	1
5	1	122	1	1	2	3559	3208	44	32	13.644066	I
5	1	122	1	1	3	3674	3208	54	32	41.962212	-
2	1	123	0	0	0	3500	3244	5244	32	-1	
3	1	123	1	0	0	3500	3244	5244	32	-1	
4	1	123	1	1	0	3500	3244	5244	32	-1	
5	1	123	1	1	1	3500	3244	5244	32	79.811172	--l-—l--l-—l--I-—l--I-—l--I-—l--l-—l--l-—l--I-—l--I-—l--I-—l--l-—l--l-—l--l-—l--l-—l--l-l
2	1	124	0	0	0	3732	3208	436	32	-1	
3	1	124	1	0	0	3732	3208	436	32	-1	
4	1	124	1	1	0	3732	3208	436	32	-1	
5	1	124	1	1	1	3732	3208	47	32	17.636919	I
5	1	124	1	1	2	3821	3208	18	32	50.384331	I
5	1	124	1	1	3	3859	3208	27	32	13.638334	N
5	1	124	1	1	4	3910	3208	44	32	22.611813	N
5	1	124	1	1	5	4000	3208	43	32	19.805336	N
2	1	125	0	0	0	8396	3208	348	32	-1	
3	1	125	1	0	0	8396	3208	348	32	-1	
4	1	125	1	1	0	8396	3208	348	32	-1	
5	1	125	1	1	1	8396	3208	28	32	42.873459	1
5	1	125	1	1	2	8428	3208	316	32	16.464319	R
2	1	126	0	0	0	8692	3080	164	196	-1	
3	1	126	1	0	0	8692	3080	164	196	-1	
4	1	126	1	1	0	8692	3080	164	196	-1	
5	1	126	1	1	1	8692	3080	164	196	47.137573	=]
2	1	127	0	0	0	8860	3080	440	244	-1	
3	1	127	1	0	0	8860	3080	440	244	-1	
4	1	127	1	1	0	8860	3080	440	244	-1	
5	1	127	1	1	1	8860	3080	440	244	42.461113	Ll
2	1	128	0	0	0	9304	3136	68	188	-1	
3	1	128	1	0	0	9304	3136	68	188	-1	
4	1	128	1	1	0	9304	3136	68	188	-1	
5	1	128	1	1	1	9304	3136	68	188	75.591377	I
2	1	129	0	0	0	9376	3232	284	92	-1	
3	1	129	1	0	0	9376	3232	284	92	-1	
4	1	129	1	1	0	9376	3232	284	92	-1	
5	1	129	1	1	1	9376	3232	284	92	52.585560	I
2	1	130	0	0	0	10112	3212	160	112	-1	
3	1	130	1	0	0	10112	3212	160	112	-1	
4	1	130	1	1	0	10112	3212	160	112	-1	
5	1	130	1	1	1	10112	3212	160	112	9.172735	=
2	1	131	0	0	0	10800	3164	212	176	-1	
3	1	131	1	0	0	10800	3164	212	176	-1	
4	1	131	1	1	0	10800	3164	212	176	-1	
5	1	131	1	1	1	10800	3164	212	176	36.321228	il
2	1	132	0	0	0	8860	3316	800	104	-1	
3	1	132	1	0	0	8860	3316	800	104	-1	
4	1	132	1	1	0	8860	3316	800	104	-1	
5	1	132	1	1	1	8860	3316	800	104	38.719387	T
2	1	133	0	0	0	232	3020	284	456	-1	
3	1	133	1	0	0	71	3020	445	456	-1	
4	1	133	1	1	0	232	3020	284	456	-1	
5	1	133	1	1	1	71	3020	445	456	4.148607	A
2	1	134	0	0	0	628	3236	640	240	-1	
3	1	134	1	0	0	628	3236	640	240	-1	
4	1	134	1	1	0	628	3236	640	240	-1	
5	1	134	1	1	1	628	3412	161	64	30.952648	—
2	1	135	0	0	0	10872	3344	140	172	-1	
3	1	135	1	0	0	10872	3344	140	172	-1	
4	1	135	1	1	0	10872	3344	140	172	-1	
5	1	135	1	1	1	10872	3344	140	172	38.506145	i
2	1	136	0	0	0	71	3480	553	180	-1	
3	1	136	1	0	0	71	3480	553	180	-1	
4	1	136	1	1	0	71	3480	553	180	-1	
5	1	136	1	1	1	71	3547	66	42	37.167610	o
5	1	136	1	1	2	268	3476	134	201	13.277464	Il
5	1	136	1	1	3	502	3480	118	180	13.277464	T
2	1	137	0	0	0	340	3520	1136	140	-1	
3	1	137	1	0	0	340	3520	1136	140	-1	
4	1	137	1	1	0	340	3520	1136	140	-1	
5	1	137	1	1	1	340	3520	1136	140	88.612541	|
2	1	138	0	0	0	1480	3196	1080	428	-1	
3	1	138	1	0	0	1480	3196	1080	428	-1	
4	1	138	1	1	0	1480	3196	1080	428	-1	
5	1	138	1	1	1	1480	3196	1080	428	0.000000	ilmiattad
2	1	139	0	0	0	3148	3580	5572	92	-1	
3	1	139	1	0	0	3148	3580	5572	92	-1	
4	1	139	1	1	0	3148	3580	5572	92	-1	
5	1	139	1	1	1	3148	3580	5572	92	0.000000	L
5	1	139	1	1	2	5873	3576	164	131	19.538698	L
5	1	139	1	1	3	6091	3576	34	131	30.173988	L
5	1	139	1	1	4	6178	3576	165	131	29.323416	L
5	1	139	1	1	5	7041	3576	525	131	18.508377	S
5	1	139	1	1	6	7674	3576	1049	131	22.029066	LN
2	1	140	0	0	0	9040	3424	104	204	-1	
3	1	140	1	0	0	9040	3424	104	204	-1	
4	1	140	1	1	0	9040	3424	104	204	-1	
5	1	140	1	1	1	9040	3424	104	204	42.594864	|
2	1	141	0	0	0	592	3736	112	32	-1	
3	1	141	1	0	0	592	3736	112	32	-1	
4	1	141	1	1	0	592	3736	112	32	-1	
5	1	141	1	1	1	592	3736	112	32	77.290131	l..
2	1	142	0	0	0	1372	3664	1224	68	-1	
3	1	142	1	0	0	1372	3664	1224	68	-1	
4	1	142	1	1	0	1372	3664	1224	68	-1	
5	1	142	1	1	1	1372	3664	1224	68	78.552589	l-—_-—
2	1	143	0	0	0	3148	3676	5572	92	-1	
3	1	143	1	0	0	3148	3676	5572	92	-1	
4	1	143	1	1	0	3148	3676	5572	92	-1	
5	1	143	1	1	1	3148	3676	5572	92	0.000000	L
5	1	143	1	1	2	5873	3672	164	131	19.538698	L
5	1	143	1	1	3	6091	3672	34	131	30.173988	L
5	1	143	1	1	4	6178	3672	165	131	29.323416	L
5	1	143	1	1	5	7041	3672	525	131	18.508377	S
5	1	143	1	1	6	7674	3672	1049	131	22.029066	LN
2	1	144	0	0	0	8692	3580	416	144	-1	
3	1	144	1	0	0	8692	3580	416	144	-1	
4	1	144	1	1	0	8692	3580	416	144	-1	
5	1	144	1	1	1	8692	3580	416	144	17.415934	L
2	1	145	0	0	0	9040	3612	224	112	-1	
3	1	145	1	0	0	9040	3612	224	112	-1	
4	1	145	1	1	0	9040	3612	224	112	-1	
5	1	145	1	1	1	9040	3612	224	112	0.000000	iy
2	1	146	0	0	0	43	3875	178	42	-1	
3	1	146	1	0	0	43	3875	178	42	-1	
4	1	146	1	1	0	43	3875	178	42	-1	
5	1	146	1	1	1	43	3875	178	42	91.526848	RESET
2	1	147	0	0	0	3148	3772	5888	144	-1	
3	1	147	1	0	0	3148	3772	5888	144	-1	
4	1	147	1	1	0	3148	3772	5888	144	-1	
5	1	147	1	1	1	3148	3772	5888	144	0.000000	i
5	1	147	1	1	2	7678	3768	39	152	0.000000	I
5	1	147	1	1	3	8337	3768	697	152	11.169567	e
2	1	148	0	0	0	8692	3676	344	144	-1	
3	1	148	1	0	0	8692	3676	344	144	-1	
4	1	148	1	1	0	8692	3676	344	144	-1	
5	1	148	1	1	1	8692	3676	344	144	0.000000	7L
2	1	149	0	0	0	9040	3868	104	48	-1	
3	1	149	1	0	0	9040	3868	104	48	-1	
4	1	149	1	1	0	9040	3868	104	48	-1	
5	1	149	1	1	1	9040	3868	104	48	92.814903	lll
2	1	150	0	0	0	9040	3824	104	40	-1	
3	1	150	1	0	0	9040	3824	104	40	-1	
4	1	150	1	1	0	9040	3824	104	40	-1	
5	1	150	1	1	1	9036	3820	16	62	46.414215	[
5	1	150	1	1	2	9067	3824	5	40	26.981163	]
5	1	150	1	1	3	9076	3824	68	40	26.981163	]
2	1	151	0	0	0	9040	3708	224	112	-1	
3	1	151	1	0	0	9040	3708	224	112	-1	
4	1	151	1	1	0	9040	3708	224	112	-1	
5	1	151	1	1	1	9040	3708	224	112	0.000000	[
2	1	152	0	0	0	9112	3424	548	396	-1	
3	1	152	1	0	0	9112	3424	548	396	-1	
4	1	152	1	1	0	9112	3424	548	396	-1	
5	1	152	1	1	1	9112	3424	548	396	55.444523	ﬂIII"'
2	1	153	0	0	0	3148	3772	5888	240	-1	
3	1	153	1	0	0	3148	3772	5888	240	-1	
4	1	153	1	1	0	3148	3772	5888	240	-1	
5	1	153	1	1	1	3148	3772	5888	240	53.068169	111111111111111111111111111111111111111111111111111111111111111
2	1	154	0	0	0	3148	4060	5888	144	-1	
3	1	154	1	0	0	3148	4060	5888	144	-1	
4	1	154	1	1	0	3148	4060	5888	144	-1	
5	1	154	1	1	1	3148	4060	5888	144	11.925879	ey
2	1	155	0	0	0	3148	3868	5888	188	-1	
3	1	155	1	0	0	3148	3868	5888	188	-1	
4	1	155	1	1	0	3148	3868	5888	188	-1	
5	1	155	1	1	1	3148	3868	5888	188	53.068169	111111111111111111111111111111111111111111111111111111111111111
2	1	156	0	0	0	8692	3964	416	144	-1	
3	1	156	1	0	0	8692	3964	416	144	-1	
4	1	156	1	1	0	8692	3964	416	144	-1	
5	1	156	1	1	1	8692	3964	416	144	15.607910	L
2	1	157	0	0	0	9040	3964	224	144	-1	
3	1	157	1	0	0	9040	3964	224	144	-1	
4	1	157	1	1	0	9040	3964	224	144	-1	
5	1	157	1	1	1	9040	3964	224	144	52.999878	Illﬂ
2	1	158	0	0	0	71	4211	74	42	-1	
3	1	158	1	0	0	71	4211	74	42	-1	
4	1	158	1	1	0	71	4211	74	42	-1	
5	1	158	1	1	1	71	4211	74	42	67.948776	CM
2	1	159	0	0	0	476	3772	2398	676	-1	
3	1	159	1	0	0	476	3772	2398	676	-1	
4	1	159	1	1	0	476	3772	2398	676	-1	
5	1	159	1	1	1	476	3772	1012	465	45.934273	”ﬂ?ﬁ
5	1	159	1	1	2	1516	3907	152	250	24.494091	|
5	1	159	1	1	3	1712	3827	396	410	44.054585	y&l
5	1	159	1	1	4	2192	3915	682	533	0.000000	ny
2	1	160	0	0	0	3148	4156	5888	144	-1	
3	1	160	1	0	0	3148	4156	5888	144	-1	
4	1	160	1	1	0	3148	4156	5888	144	-1	
5	1	160	1	1	1	3148	4156	5888	144	0.000000	i
5	1	160	1	1	2	7678	4152	39	152	0.000000	I
5	1	160	1	1	3	8337	4152	697	152	11.169567	e
2	1	161	0	0	0	8692	4060	716	144	-1	
3	1	161	1	0	0	8692	4060	716	144	-1	
4	1	161	1	1	0	8692	4060	716	144	-1	
5	1	161	1	1	1	8692	4060	716	144	66.581215	l.:-!
2	1	162	0	0	0	3148	4156	5888	240	-1	
3	1	162	1	0	0	3148	4156	5888	240	-1	
4	1	162	1	1	0	3148	4156	5888	240	-1	
5	1	162	1	1	1	3148	4156	5888	240	53.068169	111111111111111111111111111111111111111111111111111111111111111
2	1	163	0	0	0	8692	4252	452	144	-1	
3	1	163	1	0	0	8692	4252	452	144	-1	
4	1	163	1	1	0	8692	4252	452	144	-1	
5	1	163	1	1	1	8692	4252	452	144	81.259247	lll
2	1	164	0	0	0	9040	4252	104	48	-1	
3	1	164	1	0	0	9040	4252	104	48	-1	
4	1	164	1	1	0	9040	4252	104	48	-1	
5	1	164	1	1	1	9040	4252	104	48	92.814903	lll
2	1	165	0	0	0	996	4344	856	68	-1	
3	1	165	1	0	0	996	4344	856	68	-1	
4	1	165	1	1	0	996	4344	856	68	-1	
5	1	165	1	1	1	996	4344	208	68	19.327679	S
5	1	165	1	1	2	1448	4308	804	144	24.014507	_————
2	1	166	0	0	0	3148	4348	5572	92	-1	
3	1	166	1	0	0	3148	4348	5572	92	-1	
4	1	166	1	1	0	3148	4348	5572	92	-1	
5	1	166	1	1	1	3148	4348	5572	92	0.000000	L
5	1	166	1	1	2	5873	4344	164	131	19.538698	L
5	1	166	1	1	3	6091	4344	34	131	30.173988	L
5	1	166	1	1	4	6178	4344	165	131	29.323416	L
5	1	166	1	1	5	7041	4344	525	131	18.508377	S
5	1	166	1	1	6	7674	4344	1049	131	22.029066	LN
2	1	167	0	0	0	9040	4380	224	112	-1	
3	1	167	1	0	0	9040	4380	224	112	-1	
4	1	167	1	1	0	9040	4380	224	112	-1	
5	1	167	1	1	1	9040	4380	224	112	0.000000	iy
2	1	168	0	0	0	10800	4452	140	44	-1	
3	1	168	1	0	0	10800	4452	140	44	-1	
4	1	168	1	1	0	10800	4452	140	44	-1	
5	1	168	1	1	1	10800	4452	19	44	30.427656	[
5	1	168	1	1	2	10836	4452	104	44	30.427656	]|
2	1	169	0	0	0	71	4539	122	42	-1	
3	1	169	1	0	0	71	4539	122	42	-1	
4	1	169	1	1	0	71	4539	122	42	-1	
5	1	169	1	1	1	71	4539	122	42	89.100342	CLK1
2	1	170	0	0	0	232	4292	104	324	-1	
3	1	170	1	0	0	232	4292	104	324	-1	
4	1	170	1	1	0	232	4292	104	324	-1	
5	1	170	1	1	1	232	4292	104	324	85.822044	I
2	1	171	0	0	0	3148	4444	5572	92	-1	
3	1	171	1	0	0	3148	4444	5572	92	-1	
4	1	171	1	1	0	3148	4444	5572	92	-1	
5	1	171	1	1	1	3148	4444	5572	92	0.000000	L
5	1	171	1	1	2	5873	4440	164	131	19.538698	L
5	1	171	1	1	3	6091	4440	34	131	30.173988	L
5	1	171	1	1	4	6178	4440	165	131	29.323416	L
5	1	171	1	1	5	7041	4440	525	131	18.508377	S
5	1	171	1	1	6	7674	4440	1049	131	22.029066	LN
2	1	172	0	0	0	8692	4348	344	240	-1	
3	1	172	1	0	0	8692	4348	344	240	-1	
4	1	172	1	1	0	8692	4348	344	240	-1	
5	1	172	1	1	1	8692	4348	344	240	14.325199	=
2	1	173	0	0	0	9040	4476	224	112	-1	
3	1	173	1	0	0	9040	4476	224	112	-1	
4	1	173	1	1	0	9040	4476	224	112	-1	
5	1	173	1	1	1	9040	4476	224	112	67.089844	||.=-!
2	1	174	0	0	0	9076	4156	452	432	-1	
3	1	174	1	0	0	9076	4156	452	432	-1	
4	1	174	1	1	0	9076	4156	452	432	-1	
5	1	174	1	1	1	9076	4156	452	432	30.204350	Al
2	1	175	0	0	0	10800	4500	140	36	-1	
3	1	175	1	0	0	10800	4500	140	36	-1	
4	1	175	1	1	0	10800	4500	140	36	-1	
5	1	175	1	1	1	10796	4496	19	56	52.830399	[
5	1	175	1	1	2	10828	4500	4	36	52.830399	]
2	1	176	0	0	0	3148	4540	5888	240	-1	
3	1	176	1	0	0	3148	4540	5888	240	-1	
4	1	176	1	1	0	3148	4540	5888	240	-1	
5	1	176	1	1	1	3148	4540	5888	240	53.068169	111111111111111111111111111111111111111111111111111111111111111
2	1	177	0	0	0	3148	4540	5888	144	-1	
3	1	177	1	0	0	3148	4540	5888	144	-1	
4	1	177	1	1	0	3148	4540	5888	144	-1	
5	1	177	1	1	1	3148	4540	5888	144	0.000000	i
5	1	177	1	1	2	7678	4536	39	152	0.000000	I
5	1	177	1	1	3	8337	4536	697	152	11.169567	e
2	1	178	0	0	0	9040	4636	104	48	-1	
3	1	178	1	0	0	9040	4636	104	48	-1	
4	1	178	1	1	0	9040	4636	104	48	-1	
5	1	178	1	1	1	9040	4636	104	48	92.814903	lll
2	1	179	0	0	0	71	4675	77	106	-1	
3	1	179	1	0	0	71	4675	77	106	-1	
4	1	179	1	1	0	71	4675	77	106	-1	
5	1	179	1	1	1	71	4675	77	106	41.841461	Iﬁ
2	1	180	0	0	0	3148	4732	5572	92	-1	
3	1	180	1	0	0	3148	4732	5572	92	-1	
4	1	180	1	1	0	3148	4732	5572	92	-1	
5	1	180	1	1	1	3148	4732	5572	92	0.000000	L
5	1	180	1	1	2	5873	4728	164	131	19.538698	L
5	1	180	1	1	3	6091	4728	34	131	30.173988	L
5	1	180	1	1	4	6178	4728	165	131	29.323416	L
5	1	180	1	1	5	7041	4728	525	131	18.508377	S
5	1	180	1	1	6	7674	4728	1049	131	22.029066	LN
2	1	181	0	0	0	71	4851	130	42	-1	
3	1	181	1	0	0	71	4851	130	42	-1	
4	1	181	1	1	0	71	4851	130	42	-1	
5	1	181	1	1	1	71	4851	130	42	91.869453	CLK2
2	1	182	0	0	0	3148	4828	5572	92	-1	
3	1	182	1	0	0	3148	4828	5572	92	-1	
4	1	182	1	1	0	3148	4828	5572	92	-1	
5	1	182	1	1	1	3148	4828	5572	92	0.000000	L
5	1	182	1	1	2	5873	4824	164	131	19.538698	L
5	1	182	1	1	3	6091	4824	34	131	30.173988	L
5	1	182	1	1	4	6178	4824	165	131	29.323416	L
5	1	182	1	1	5	7041	4824	525	131	18.508377	S
5	1	182	1	1	6	7674	4824	1049	131	22.029066	LN
2	1	183	0	0	0	8692	4828	344	144	-1	
3	1	183	1	0	0	8692	4828	344	144	-1	
4	1	183	1	1	0	8692	4828	344	144	-1	
5	1	183	1	1	1	8692	4828	344	144	0.000000	7L
2	1	184	0	0	0	8692	4636	452	240	-1	
3	1	184	1	0	0	8692	4636	452	240	-1	
4	1	184	1	1	0	8692	4636	452	240	-1	
5	1	184	1	1	1	8692	4636	452	240	48.761597	m.
2	1	185	0	0	0	9040	4764	224	208	-1	
3	1	185	1	0	0	9040	4764	224	208	-1	
4	1	185	1	1	0	9040	4764	224	208	-1	
5	1	185	1	1	1	9040	4764	224	208	55.061077	lﬂ
2	1	186	0	0	0	9040	4572	488	400	-1	
3	1	186	1	0	0	9040	4572	488	400	-1	
4	1	186	1	1	0	9040	4572	488	400	-1	
5	1	186	1	1	1	9040	4572	488	400	20.752039	i
2	1	187	0	0	0	71	4380	801	713	-1	
3	1	187	1	0	0	71	4380	801	713	-1	
4	1	187	1	1	0	71	4380	801	713	-1	
5	1	187	1	1	1	71	4380	801	713	77.161301	L
2	1	188	0	0	0	588	5032	1668	32	-1	
3	1	188	1	0	0	588	5032	1668	32	-1	
4	1	188	1	1	0	588	5032	1668	32	-1	
5	1	188	1	1	1	588	5032	1668	32	84.916260	_-—___
2	1	189	0	0	0	1348	4872	1024	156	-1	
3	1	189	1	0	0	1348	4872	1024	156	-1	
4	1	189	1	1	0	1348	4872	1024	156	-1	
5	1	189	1	1	1	1348	4872	1024	156	76.653015	_.—-
2	1	190	0	0	0	2108	4707	336	285	-1	
3	1	190	1	0	0	2108	4707	336	285	-1	
4	1	190	1	1	0	2108	4707	336	285	-1	
5	1	190	1	1	1	2108	4707	65	246	0.000000	rak|
2	1	191	0	0	0	2260	4996	184	68	-1	
3	1	191	1	0	0	2260	4996	184	68	-1	
4	1	191	1	1	0	2260	4996	184	68	-1	
5	1	191	1	1	1	2260	4996	184	68	91.259361	—
5	1	191	1	1	2	2388	4992	58	99	88.658623	||
2	1	192	0	0	0	3148	4924	5572	92	-1	
3	1	192	1	0	0	3148	4924	5572	92	-1	
4	1	192	1	1	0	3148	4924	5572	92	-1	
5	1	192	1	1	1	3148	4924	5572	92	0.000000	L
5	1	192	1	1	2	5873	4920	164	131	19.538698	L
5	1	192	1	1	3	6091	4920	34	131	30.173988	L
5	1	192	1	1	4	6178	4920	165	131	29.323416	L
5	1	192	1	1	5	7041	4920	525	131	18.508377	S
5	1	192	1	1	6	7674	4920	1049	131	22.029066	LN
2	1	193	0	0	0	8692	4924	572	144	-1	
3	1	193	1	0	0	8692	4924	572	144	-1	
4	1	193	1	1	0	8692	4924	572	144	-1	
5	1	193	1	1	1	8692	4924	572	144	0.000000	S
2	1	194	0	0	0	10800	4540	140	508	-1	
3	1	194	1	0	0	10800	4540	140	508	-1	
4	1	194	1	1	0	10800	4540	140	508	-1	
5	1	194	1	1	1	10800	4540	140	508	63.841248	\I
2	1	195	0	0	0	268	5068	1380	32	-1	
3	1	195	1	0	0	268	5068	1380	32	-1	
4	1	195	1	1	0	268	5068	1380	32	-1	
5	1	195	1	1	1	268	5068	104	32	34.128349	v
5	1	195	1	1	2	589	5068	87	32	47.644444	v
5	1	195	1	1	3	776	5068	72	32	52.330555	.
5	1	195	1	1	4	922	5064	76	50	47.477119	1
5	1	195	1	1	5	1109	5068	83	32	50.963020	1
5	1	195	1	1	6	1293	5068	51	32	50.358116	1
5	1	195	1	1	7	1414	5064	42	50	70.439034	.
5	1	195	1	1	8	1534	5068	54	32	64.792160	]
5	1	195	1	1	9	1630	5068	18	32	91.367912	|
2	1	196	0	0	0	3148	5020	5572	120	-1	
3	1	196	1	0	0	3148	5020	5572	120	-1	
4	1	196	1	1	0	3148	5020	5572	120	-1	
5	1	196	1	1	1	3148	5020	5572	120	0.852451	oy
5	1	196	1	1	2	5073	5016	339	169	9.744778	e
5	1	196	1	1	3	5777	5016	156	169	14.270325	e
5	1	196	1	1	4	6467	5016	874	169	11.609211	e
2	1	197	0	0	0	71	5151	2377	246	-1	
3	1	197	1	0	0	71	5151	2377	246	-1	
4	1	197	1	1	0	71	5151	2377	246	-1	
5	1	197	1	1	1	71	5151	553	246	2.249022	et
5	1	197	1	1	2	747	5151	637	246	49.989014	hhh
5	1	197	1	1	3	1507	5151	941	246	0.000000	sLdgee
